StudentID,StudyTimeWeekly,Absences,Tutoring,ParentalSupport,Extracurricular,Sports,Music,Volunteering,GPA,GradeClass
1001,19.83372281,7,Yes,Moderate Support,No,No,Yes,No,2.929195592,C
1002,15.40875606,0,No,Low Support,No,No,No,No,3.042914833,B
1003,4.210569769,26,No,Moderate Support,No,No,No,No,0.112602254,F
1004,10.02882947,14,No,High Support,Yes,No,No,No,2.05421814,D
1005,4.672495273,17,Yes,High Support,No,No,No,No,1.288061182,F
1006,8.191218545,0,No,Low Support,Yes,No,No,No,3.084183614,B
1007,15.60168047,10,No,High Support,No,Yes,No,No,2.748237415,C
1008,15.42449631,22,Yes,Low Support,Yes,No,No,No,1.360142712,F
1009,4.562007558,1,No,Moderate Support,No,Yes,No,Yes,2.89681919,C
1010,18.44446636,0,No,High Support,Yes,No,No,No,3.57347421,A
1011,11.85136366,11,No,Low Support,No,No,No,No,2.147171625,D
1012,7.598485819,15,No,Moderate Support,No,No,No,Yes,1.559594519,F
1013,10.03871162,21,No,High Support,Yes,No,No,No,1.520077815,F
1014,12.10142507,21,No,Very High Support,No,Yes,No,No,1.751580958,F
1015,11.19781064,9,Yes,Moderate Support,No,No,No,No,2.396788117,D
1016,9.72810071,17,Yes,No Support,No,Yes,No,No,1.341520717,F
1017,10.09865608,14,No,Moderate Support,Yes,Yes,No,No,2.232175278,D
1018,3.528238209,16,Yes,Moderate Support,No,No,No,No,1.384404176,F
1019,16.25465809,29,No,Moderate Support,Yes,No,No,Yes,0.469553323,F
1020,10.8352064,9,No,Moderate Support,No,No,Yes,No,2.395784095,D
1021,2.621597234,2,No,High Support,No,No,No,Yes,2.7784113,C
1022,15.32314203,25,No,Low Support,Yes,No,No,No,0.346894037,F
1023,18.64887957,29,Yes,Low Support,No,No,No,No,0.312546231,F
1024,18.94613798,20,No,Moderate Support,Yes,No,No,No,1.770131877,F
1025,7.380354648,15,No,Moderate Support,No,No,No,No,1.505155622,F
1026,2.710337471,5,No,Very High Support,No,No,Yes,No,2.977851918,C
1027,10.36799253,2,No,Moderate Support,No,Yes,No,No,2.948717672,C
1028,2.252184587,8,No,High Support,No,No,Yes,No,2.14520472,D
1029,18.67974837,10,No,High Support,Yes,No,No,No,2.854803929,C
1030,3.671592547,20,No,High Support,Yes,No,No,No,1.519441726,F
1031,5.055317199,12,Yes,No Support,No,Yes,No,No,1.72712031,F
1032,8.132730538,17,No,Very High Support,No,No,No,Yes,1.847535471,F
1033,7.663289371,25,No,Low Support,No,Yes,No,No,0.384616973,F
1034,15.89325785,21,No,No Support,Yes,Yes,No,No,0.949406098,F
1035,9.126336411,27,Yes,Moderate Support,Yes,Yes,No,No,1.140959418,F
1036,3.4153652,23,No,Low Support,No,No,No,No,0.26147226,F
1037,5.34419791,26,Yes,Low Support,No,No,No,No,0.218284857,F
1038,10.1822677,21,Yes,Low Support,No,Yes,No,No,1.067763551,F
1039,2.949078349,3,Yes,Low Support,Yes,Yes,No,No,3.018905858,B
1040,12.23311351,21,Yes,High Support,Yes,Yes,No,No,1.526867832,F
1041,11.31494613,23,Yes,Low Support,No,No,No,No,1.0582874,F
1042,14.29404633,7,No,Moderate Support,No,No,No,No,2.625128098,C
1043,18.75409231,12,Yes,Very High Support,No,No,No,No,2.808754822,C
1044,18.24509122,9,No,Moderate Support,No,Yes,No,No,2.888891669,C
1045,18.92151236,1,Yes,High Support,Yes,Yes,No,No,4,A
1046,4.89431194,7,No,Very High Support,No,No,Yes,No,2.515300272,C
1047,2.631306133,5,No,Low Support,Yes,No,No,No,2.56376543,C
1048,6.04553401,15,No,Moderate Support,No,No,No,No,1.703611803,F
1049,17.90170346,17,No,High Support,No,No,Yes,No,2.099885157,D
1050,19.44106949,16,No,Very High Support,Yes,No,No,No,2.461046963,D
1051,17.18649902,5,No,High Support,No,No,No,No,2.935477192,C
1052,2.200354423,12,Yes,Low Support,Yes,No,Yes,No,1.986378059,F
1053,18.94855996,22,No,Very High Support,No,No,Yes,No,1.571544191,F
1054,8.467160547,13,No,Low Support,No,Yes,No,No,1.66431069,F
1055,0.186205815,29,Yes,Moderate Support,Yes,Yes,No,No,0.756259167,F
1056,8.847874815,25,No,Moderate Support,No,Yes,No,No,0.802769539,F
1057,0.921383394,20,No,Moderate Support,No,Yes,Yes,No,1.342387178,F
1058,10.87755842,29,No,High Support,Yes,No,No,No,0.286571288,F
1059,6.771080549,9,Yes,High Support,No,Yes,No,No,2.613838694,C
1060,9.468698672,23,No,High Support,No,Yes,No,No,0.929012555,F
1061,12.26340721,10,No,No Support,Yes,No,Yes,No,1.892758696,F
1062,17.37602192,12,No,Moderate Support,No,No,Yes,No,2.331261549,D
1063,13.23803153,11,No,High Support,No,Yes,No,No,2.234238473,D
1064,8.68097737,8,No,Moderate Support,No,Yes,No,No,2.385828219,D
1065,16.38855707,3,Yes,Very High Support,No,No,No,No,3.347356744,B
1066,18.11164275,6,Yes,High Support,Yes,No,No,No,3.261855307,B
1067,2.395199329,23,No,High Support,No,Yes,No,No,1.039623879,F
1068,10.63865955,28,No,No Support,No,Yes,No,No,0.027818625,F
1069,5.690239195,21,Yes,High Support,No,No,Yes,No,1.329964538,F
1070,0.941223958,1,No,Very High Support,No,No,Yes,No,3.283916522,B
1071,13.3709339,6,No,Moderate Support,Yes,No,No,No,2.937454182,C
1072,17.25541555,28,No,High Support,No,No,Yes,Yes,0.738868203,F
1073,3.25805309,8,No,Moderate Support,Yes,Yes,No,No,2.556801663,C
1074,16.24827315,4,Yes,Moderate Support,No,No,No,No,3.300928569,B
1075,17.06791467,14,No,High Support,Yes,No,Yes,No,2.200682947,D
1076,18.28680885,17,No,High Support,No,Yes,No,No,1.855865573,F
1077,5.305701782,3,No,High Support,No,No,No,No,2.734401494,C
1078,18.0790613,18,Yes,Low Support,Yes,Yes,No,No,2.131737297,D
1079,6.413255095,19,No,Low Support,No,No,No,No,0.979769911,F
1080,11.04676027,25,No,High Support,No,Yes,No,No,0.994325024,F
1081,1.010149417,6,No,Low Support,No,Yes,No,No,2.074699977,D
1082,0.877621767,25,No,Moderate Support,No,No,No,No,0.500508036,F
1083,14.40746425,7,No,No Support,Yes,Yes,No,No,2.532438418,C
1084,8.88959956,16,No,Low Support,No,Yes,No,No,1.463378036,F
1085,5.125847507,12,No,High Support,Yes,Yes,No,No,2.342836773,D
1086,3.80826992,23,No,High Support,No,No,No,No,1.158846334,F
1087,13.39906982,20,Yes,Low Support,Yes,No,Yes,Yes,1.523748745,F
1088,0.008030881,27,No,Low Support,No,No,Yes,No,0,F
1089,16.11782338,22,No,No Support,Yes,No,Yes,No,1.058622014,F
1090,1.584992123,10,No,Moderate Support,No,No,Yes,Yes,2.229740184,D
1091,3.829792298,26,No,Low Support,No,No,No,Yes,0.194743281,F
1092,7.724727906,0,No,Moderate Support,Yes,Yes,No,No,3.506920071,A
1093,9.69717479,1,Yes,High Support,No,No,No,No,3.552286943,A
1094,7.099902316,16,Yes,High Support,No,Yes,No,No,2.238491354,D
1095,6.4142433,4,No,Low Support,Yes,Yes,No,No,2.708472344,C
1096,19.27832024,29,No,High Support,No,No,No,Yes,0.732908234,F
1097,12.83159362,29,No,Very High Support,No,No,Yes,No,0.965482445,F
1098,0.468659107,5,No,Moderate Support,No,Yes,No,No,2.55523286,C
1099,8.603518169,25,No,Moderate Support,Yes,No,Yes,Yes,0.7443223,F
1100,17.50017399,24,No,Moderate Support,No,No,No,No,0.722056581,F
1101,6.029123728,23,Yes,Low Support,Yes,Yes,No,Yes,1.27122953,F
1102,1.891126895,6,No,High Support,Yes,No,Yes,Yes,2.526142141,C
1103,15.16769543,27,No,High Support,Yes,Yes,No,No,0.942415395,F
1104,12.12027664,20,Yes,Moderate Support,No,Yes,No,No,1.515639098,F
1105,11.40625016,29,No,High Support,Yes,No,No,No,0.648273927,F
1106,1.071531192,14,No,High Support,No,Yes,Yes,Yes,2.048850082,D
1107,2.809980196,18,No,No Support,Yes,No,No,Yes,0.842295999,F
1108,12.45098792,15,No,Low Support,No,Yes,No,No,1.464187924,F
1109,4.156476829,24,Yes,High Support,Yes,Yes,No,No,1.487946865,F
1110,10.08140159,12,Yes,Very High Support,No,No,No,No,2.587565796,C
1111,10.89763372,4,Yes,High Support,No,No,No,No,3.220806978,B
1112,5.670143805,2,Yes,Very High Support,No,No,Yes,No,3.545159432,A
1113,18.96850311,2,No,Moderate Support,No,No,No,No,3.089598953,B
1114,16.84928214,18,Yes,Low Support,No,Yes,Yes,No,1.91995644,F
1115,14.44747015,13,Yes,Moderate Support,No,No,No,No,2.198593185,D
1116,1.559877328,15,No,No Support,No,No,No,Yes,0.878212617,F
1117,2.122600386,21,No,High Support,Yes,No,Yes,No,1.340368648,F
1118,9.85562692,16,No,Very High Support,No,No,No,No,1.819511336,F
1119,3.214266984,26,No,High Support,No,Yes,No,No,0.619350931,F
1120,19.56530927,3,No,Moderate Support,Yes,No,Yes,Yes,3.61946087,A
1121,3.170404681,12,Yes,Low Support,Yes,Yes,No,No,2.174902796,D
1122,9.74935671,7,Yes,Low Support,No,Yes,Yes,No,2.974406015,C
1123,7.282421137,18,No,Moderate Support,No,No,No,No,0.980735844,F
1124,12.78772843,4,No,High Support,No,No,No,No,3.101673809,B
1125,2.580728178,1,Yes,Moderate Support,Yes,No,Yes,No,3.498257342,B
1126,8.606328561,14,No,Very High Support,Yes,No,No,No,2.590553445,C
1127,5.494100656,1,No,High Support,Yes,No,No,No,3.535003758,A
1128,17.75503049,10,Yes,Low Support,No,Yes,No,No,2.819921745,C
1129,0.811714243,12,Yes,Low Support,Yes,Yes,No,No,2.016596775,D
1130,18.27454988,22,Yes,High Support,No,No,No,No,1.371185039,F
1131,16.65988277,9,No,Low Support,No,No,No,No,2.104795588,D
1132,5.951414329,2,No,High Support,No,No,No,No,3.030439089,B
1133,15.78581309,4,Yes,Moderate Support,No,Yes,No,No,3.582421872,A
1134,0.624271207,2,No,Low Support,Yes,No,No,No,2.426546706,D
1135,19.33731101,5,Yes,Moderate Support,Yes,No,No,No,3.16143627,B
1136,10.53189885,12,No,Moderate Support,Yes,No,No,No,2.12263853,D
1137,6.065620521,9,No,High Support,No,Yes,No,No,2.204860581,D
1138,7.251664252,18,No,No Support,Yes,No,Yes,Yes,1.1829875,F
1139,1.328107069,7,No,High Support,Yes,No,No,No,2.738795716,C
1140,19.78699028,17,Yes,High Support,No,No,No,No,2.237901301,D
1141,0.785838903,2,No,High Support,Yes,No,No,No,3.139481546,B
1142,13.09814246,23,Yes,No Support,Yes,Yes,No,No,1.046044771,F
1143,8.854718554,23,Yes,High Support,No,No,No,No,0.816458245,F
1144,18.97832436,16,No,Moderate Support,Yes,No,Yes,No,2.033544621,D
1145,4.919994806,7,Yes,Moderate Support,Yes,Yes,No,No,2.432078523,D
1146,10.64173648,9,No,High Support,Yes,No,No,No,2.65977132,C
1147,9.64712417,1,Yes,Moderate Support,Yes,No,No,Yes,3.58888794,A
1148,14.05732888,11,No,High Support,No,Yes,No,No,2.314587628,D
1149,1.360204639,22,No,Low Support,Yes,Yes,No,Yes,1.00722582,F
1150,3.8757826,5,No,High Support,Yes,No,No,No,2.881612321,C
1151,4.291296402,1,No,Low Support,No,Yes,Yes,No,2.804504929,C
1152,14.7630151,20,Yes,High Support,No,Yes,No,No,1.762921124,F
1153,3.782773927,22,No,Very High Support,Yes,No,No,Yes,1.119911263,F
1154,11.46983528,23,No,Moderate Support,No,No,No,No,1.030657506,F
1155,4.30487641,2,No,Moderate Support,Yes,No,No,No,3.075619354,B
1156,17.232499,16,Yes,High Support,Yes,Yes,No,No,2.631434065,C
1157,18.84370909,28,No,No Support,No,Yes,Yes,Yes,0.503066907,F
1158,10.3698595,6,No,Moderate Support,No,No,No,No,2.784237837,C
1159,7.046177684,28,No,Moderate Support,No,No,No,No,0.247626765,F
1160,4.6811555,20,No,High Support,No,No,No,Yes,1.18954877,F
1161,0.99562003,4,Yes,High Support,Yes,No,No,Yes,3.375994009,B
1162,5.370001524,22,Yes,High Support,No,No,No,No,1.293573556,F
1163,13.0847156,0,Yes,High Support,No,No,Yes,Yes,3.718586904,A
1164,10.67233863,7,No,High Support,Yes,No,No,No,2.670559615,C
1165,18.88082557,11,Yes,Moderate Support,Yes,No,No,No,2.369648013,D
1166,7.92554525,13,No,Moderate Support,No,Yes,No,No,1.62448682,F
1167,13.87726685,15,Yes,Moderate Support,Yes,Yes,No,No,2.537476828,C
1168,9.78645495,9,No,Very High Support,No,Yes,No,No,2.298417929,D
1169,10.25152432,14,No,High Support,Yes,No,No,No,2.25980415,D
1170,5.355486292,20,No,Moderate Support,No,Yes,No,No,1.321343301,F
1171,9.099015537,23,No,High Support,No,Yes,No,No,0.949974228,F
1172,9.41569994,25,No,Moderate Support,Yes,No,No,Yes,0.818786616,F
1173,14.13285043,14,Yes,High Support,No,No,No,No,2.339224513,D
1174,18.81279998,9,No,Moderate Support,No,Yes,No,No,2.682776288,C
1175,6.58642555,20,Yes,Low Support,Yes,No,No,No,1.543837471,F
1176,0.844009372,27,No,High Support,Yes,No,No,No,0.196901105,F
1177,9.92590251,6,No,High Support,No,No,No,No,2.748610257,C
1178,10.88922664,25,Yes,Moderate Support,Yes,No,Yes,No,1.104893788,F
1179,3.368811023,2,No,Moderate Support,Yes,No,No,No,2.553439811,C
1180,15.20929213,1,No,High Support,Yes,No,No,Yes,3.274233459,B
1181,19.69858217,5,Yes,High Support,No,No,No,No,3.186060378,B
1182,18.91549434,20,No,High Support,Yes,No,No,No,1.72211575,F
1183,3.942120776,8,No,Moderate Support,Yes,Yes,No,No,2.338046358,D
1184,17.5072648,9,Yes,Very High Support,Yes,Yes,No,No,3.273998748,B
1185,14.08987273,3,No,High Support,No,No,No,No,2.993502391,C
1186,9.076931276,26,Yes,High Support,Yes,No,No,No,0.896397899,F
1187,10.81221989,2,No,High Support,No,No,No,No,2.961055259,C
1188,16.9920035,8,No,Low Support,Yes,No,No,No,2.674351095,C
1189,9.60269879,23,No,No Support,Yes,Yes,No,No,1.217873151,F
1190,7.464147382,21,Yes,High Support,No,No,No,No,1.36559111,F
1191,9.86494986,16,No,Moderate Support,No,No,No,Yes,1.522274845,F
1192,11.58259608,13,Yes,High Support,No,No,No,No,2.231402397,D
1193,3.781553076,9,No,Moderate Support,Yes,No,No,No,2.135266355,D
1194,18.01815461,12,No,Moderate Support,No,No,No,No,2.255698915,D
1195,13.48373898,11,Yes,Low Support,Yes,No,Yes,No,2.751145788,C
1196,12.66537835,26,No,High Support,Yes,Yes,No,No,0.897634159,F
1197,1.989924524,0,No,Low Support,Yes,No,No,Yes,3.117354435,B
1198,12.08347876,27,No,High Support,Yes,No,Yes,No,1.287595131,F
1199,2.419213245,21,No,Moderate Support,No,No,No,No,0.571053098,F
1200,1.573953504,28,No,High Support,Yes,No,No,No,0.581355799,F
1201,10.54621791,18,No,Low Support,No,No,Yes,No,1.643462404,F
1202,8.055710681,18,No,Low Support,No,No,No,No,1.234844041,F
1203,11.7762054,5,No,High Support,No,Yes,No,Yes,2.96809362,C
1204,1.784443361,12,No,Moderate Support,Yes,No,No,No,2.00929848,D
1205,8.619661257,18,No,Low Support,Yes,No,No,No,1.146086034,F
1206,3.495734301,12,Yes,Very High Support,No,No,No,No,2.192363198,D
1207,19.74200172,26,Yes,Low Support,Yes,No,No,No,0.945730873,F
1208,11.22300425,25,No,Moderate Support,Yes,No,No,No,0.567250028,F
1209,13.74873722,21,No,Low Support,No,No,No,No,0.970764347,F
1210,6.508365614,20,Yes,Moderate Support,Yes,No,Yes,Yes,1.656060126,F
1211,1.894778296,3,No,Moderate Support,No,No,Yes,No,2.839313249,C
1212,19.51741726,23,No,Low Support,No,No,Yes,Yes,0.18981806,F
1213,5.725180708,1,No,High Support,Yes,No,No,No,3.258294685,B
1214,8.476163703,14,Yes,Moderate Support,No,No,No,No,1.920055853,F
1215,12.99727843,11,No,High Support,No,No,No,No,2.021771494,D
1216,0.493945954,29,Yes,Low Support,Yes,No,No,No,0.125933075,F
1217,16.20518261,26,Yes,Moderate Support,Yes,No,No,No,1.287013412,F
1218,10.7315638,6,No,No Support,Yes,No,Yes,No,2.591426703,C
1219,5.564343741,19,Yes,High Support,No,No,No,No,1.463379649,F
1220,1.232159706,17,No,High Support,No,No,No,No,1.465549386,F
1221,3.249968309,22,No,High Support,Yes,Yes,No,Yes,1.710466838,F
1222,17.90067718,12,No,Moderate Support,No,Yes,No,Yes,2.288505685,D
1223,13.72048448,16,No,High Support,No,No,Yes,No,1.960968849,F
1224,4.998034433,3,No,High Support,No,No,No,No,2.621623326,C
1225,1.312015299,24,No,No Support,Yes,No,No,No,0.768316386,F
1226,13.81230625,13,No,Low Support,No,No,Yes,No,1.806406345,F
1227,11.44815452,19,No,Moderate Support,No,No,No,No,0.881866353,F
1228,8.090390489,27,No,High Support,No,Yes,No,No,0.817068221,F
1229,7.272228984,12,Yes,No Support,No,No,No,No,1.446132528,F
1230,4.336285519,2,No,High Support,No,Yes,No,No,3.339094362,B
1231,13.39222513,25,No,Moderate Support,No,No,No,No,0.819625478,F
1232,19.41336056,25,No,Moderate Support,No,No,No,No,0.676817973,F
1233,3.514304917,17,No,Low Support,No,Yes,No,Yes,1.389544874,F
1234,11.9423324,13,No,Moderate Support,No,Yes,No,Yes,1.991508414,F
1235,8.483701115,14,No,No Support,No,Yes,No,No,1.63986755,F
1236,8.933774435,2,No,No Support,No,Yes,No,No,2.511743021,C
1237,5.082945603,0,No,High Support,No,No,Yes,No,2.98391995,C
1238,16.50269751,25,Yes,Moderate Support,No,No,Yes,No,1.258654854,F
1239,9.70511208,23,Yes,Moderate Support,No,No,No,No,1.417929927,F
1240,10.86811704,16,No,Low Support,Yes,No,Yes,No,1.597016572,F
1241,6.095218256,2,Yes,Moderate Support,No,Yes,No,No,3.088699868,B
1242,3.636169313,13,No,No Support,Yes,Yes,No,No,1.641341443,F
1243,1.718207764,2,No,Moderate Support,No,Yes,No,No,2.586870656,C
1244,14.28238282,12,Yes,Moderate Support,No,No,No,No,2.389032645,D
1245,3.924685634,14,No,Moderate Support,Yes,No,No,No,1.8981464,F
1246,13.80150708,17,No,Very High Support,No,Yes,No,No,2.110487975,D
1247,7.807528921,13,No,Moderate Support,No,No,No,No,1.700273589,F
1248,8.31549602,20,No,Moderate Support,Yes,No,No,No,1.044499995,F
1249,9.383549922,25,No,Moderate Support,No,Yes,No,No,1.194166134,F
1250,7.354170163,2,No,Low Support,No,No,Yes,No,2.649136828,C
1251,2.012399544,18,No,High Support,No,Yes,No,No,1.234141389,F
1252,6.1926362,7,No,Moderate Support,Yes,No,No,No,2.127408866,D
1253,13.27468721,3,Yes,Low Support,Yes,No,No,No,2.913887649,C
1254,13.31568803,3,No,High Support,No,No,No,Yes,3.119393913,B
1255,5.724486145,18,Yes,No Support,No,No,No,No,1.036378738,F
1256,9.202052531,10,No,Very High Support,Yes,No,No,Yes,2.403284547,D
1257,3.86894456,0,Yes,High Support,No,No,No,No,3.156508064,B
1258,4.207441631,7,Yes,Moderate Support,No,Yes,Yes,No,2.723471859,C
1259,0.460941768,14,No,Low Support,Yes,Yes,No,No,1.530951146,F
1260,17.934931,0,No,Low Support,No,No,No,No,3.468581349,B
1261,4.214133301,6,No,Low Support,Yes,No,No,No,2.302032044,D
1262,4.550677539,20,Yes,Low Support,Yes,No,No,No,1.265677909,F
1263,5.592028653,19,No,Moderate Support,Yes,Yes,No,Yes,1.479602228,F
1264,2.548161434,19,No,Very High Support,No,No,Yes,Yes,1.445076719,F
1265,12.78525766,23,No,Moderate Support,No,No,No,No,0.80943381,F
1266,1.502859064,10,Yes,High Support,No,No,No,No,2.15023327,D
1267,2.684048527,26,No,High Support,No,No,No,No,0.559143716,F
1268,12.89513453,28,No,High Support,No,No,No,No,0.580788485,F
1269,6.79321241,13,No,No Support,No,Yes,Yes,Yes,1.602089196,F
1270,14.15895653,21,Yes,Moderate Support,No,Yes,No,No,1.002798364,F
1271,11.14849489,15,No,High Support,No,No,No,No,1.663063453,F
1272,5.120423461,13,No,High Support,No,No,No,Yes,1.53154646,F
1273,13.01655901,11,No,Very High Support,No,No,No,No,2.205842147,D
1274,2.325473606,16,No,High Support,No,No,No,Yes,1.155338561,F
1275,10.72820766,13,Yes,Low Support,No,No,No,No,2.15375834,D
1276,8.742962101,9,No,Moderate Support,Yes,No,No,Yes,2.592786686,C
1277,5.357471656,23,No,No Support,Yes,Yes,No,No,0.912330507,F
1278,12.08009995,28,Yes,High Support,No,No,No,No,0.695630933,F
1279,17.42667185,13,Yes,Moderate Support,No,No,No,No,2.139619891,D
1280,19.978094,17,No,High Support,No,No,No,No,1.550449331,F
1281,12.15525537,21,No,Very High Support,No,No,No,Yes,1.5475367,F
1282,8.094117487,8,Yes,High Support,No,No,Yes,No,2.966548034,C
1283,4.504142004,16,No,Moderate Support,Yes,No,No,Yes,1.633679371,F
1284,5.141921788,5,Yes,Low Support,No,No,No,No,2.33254032,D
1285,9.58909956,7,Yes,High Support,Yes,Yes,Yes,No,3.270262309,B
1286,7.345554026,25,No,Low Support,No,No,No,No,0.346470593,F
1287,18.27629045,12,Yes,Low Support,No,No,No,No,1.894904336,F
1288,7.365909353,17,No,Low Support,No,No,No,No,1.456742601,F
1289,7.468891823,4,No,Moderate Support,Yes,No,No,No,2.553723151,C
1290,7.670690249,5,No,Low Support,No,No,No,No,2.224197461,D
1291,16.73240421,20,Yes,Very High Support,No,Yes,Yes,No,1.847600418,F
1292,13.01576642,18,No,Very High Support,Yes,No,No,No,1.849760707,F
1293,12.28337701,3,No,Very High Support,No,No,Yes,No,3.268794216,B
1294,6.682860448,6,Yes,No Support,No,No,No,Yes,2.546516637,C
1295,16.35808354,3,No,Very High Support,No,No,No,No,3.101229221,B
1296,0.767277227,24,No,Very High Support,No,No,Yes,No,0.655954078,F
1297,17.41594345,10,Yes,Very High Support,No,Yes,No,No,3.088512306,B
1298,10.254998,11,Yes,High Support,No,No,No,No,1.992559805,F
1299,7.965004697,13,Yes,High Support,No,Yes,No,No,2.605247446,C
1300,9.94334561,12,Yes,Low Support,No,No,No,No,1.733972454,F
1301,13.34831061,28,No,High Support,Yes,No,No,No,1.113848788,F
1302,0.25530853,9,No,No Support,Yes,No,No,No,1.649250252,F
1303,17.43103713,17,No,Moderate Support,No,No,No,No,1.33755498,F
1304,8.934790506,15,No,Very High Support,No,No,No,No,1.984659919,F
1305,6.859330394,4,No,Moderate Support,No,Yes,Yes,No,3.060881656,B
1306,2.764911313,7,Yes,Low Support,No,No,No,No,2.392897358,D
1307,8.789307487,13,No,Very High Support,No,No,No,No,2.08379699,D
1308,9.92645543,4,No,Very High Support,No,Yes,No,Yes,3.645738049,A
1309,8.07293389,25,No,Low Support,Yes,No,No,No,0.322286082,F
1310,13.57320188,27,No,High Support,No,Yes,No,No,1.129514334,F
1311,8.417930575,23,No,Moderate Support,Yes,No,No,No,0.630756944,F
1312,19.22835156,7,No,Moderate Support,No,No,Yes,Yes,3.157229639,B
1313,11.98555036,24,No,Low Support,No,No,No,No,0.680087787,F
1314,16.14955871,25,No,No Support,No,No,No,No,0.796359848,F
1315,2.187118062,5,Yes,Low Support,No,Yes,No,No,2.844039215,C
1316,7.945825859,15,Yes,No Support,No,Yes,No,No,1.253451854,F
1317,6.736954029,27,No,Very High Support,No,No,No,No,0.534508881,F
1318,11.38964776,3,Yes,High Support,Yes,No,No,No,3.191046118,B
1319,17.2222704,11,No,High Support,No,No,Yes,No,2.815421275,C
1320,1.566764355,10,No,High Support,No,No,No,No,2.157122303,D
1321,1.451495961,2,No,Low Support,Yes,No,No,No,2.72382806,C
1322,17.00635416,11,No,Very High Support,Yes,No,No,No,2.627693906,C
1323,4.257001721,29,Yes,High Support,Yes,Yes,No,No,0.912415621,F
1324,13.37506509,4,No,Moderate Support,No,No,No,No,2.609623082,C
1325,10.85756265,5,Yes,Low Support,No,Yes,No,No,2.981992255,C
1326,16.6578719,18,No,High Support,No,No,No,No,1.625082774,F
1327,2.501778197,17,No,High Support,No,Yes,No,No,1.361698418,F
1328,2.595659314,15,Yes,High Support,No,No,No,No,1.916961896,F
1329,11.13636721,22,No,No Support,No,No,No,No,1.011253195,F
1330,18.92757307,10,No,Low Support,Yes,Yes,No,No,2.332159041,D
1331,8.299955167,4,No,Moderate Support,Yes,Yes,Yes,No,3.387938348,B
1332,6.538842005,8,No,High Support,No,Yes,No,No,2.384690791,D
1333,12.13378646,2,No,No Support,No,No,No,No,2.780816996,C
1334,18.60897201,29,No,Moderate Support,No,Yes,No,Yes,0.534835754,F
1335,16.73855666,7,No,Moderate Support,No,No,No,No,2.542214349,C
1336,19.90967221,5,No,High Support,No,No,No,No,3.007129067,B
1337,0.451371664,3,No,Moderate Support,Yes,No,No,No,2.985809814,C
1338,2.257162894,11,No,Moderate Support,No,Yes,No,No,1.949306057,F
1339,12.18935527,11,No,High Support,No,No,No,No,2.147845196,D
1340,16.41152879,24,No,Very High Support,No,No,No,Yes,1.175768025,F
1341,5.704886846,20,No,Low Support,Yes,No,No,No,1.400363254,F
1342,4.784221761,15,No,Low Support,Yes,No,Yes,No,1.755544023,F
1343,15.73951599,9,No,Very High Support,Yes,No,Yes,No,2.900096239,C
1344,1.127637077,21,No,Moderate Support,No,No,No,No,1.033459491,F
1345,7.387652952,13,No,High Support,No,No,No,Yes,1.907742363,F
1346,10.11618445,12,No,High Support,No,No,No,No,1.88090929,F
1347,11.20697349,8,No,Low Support,No,Yes,Yes,No,2.614950354,C
1348,14.57230314,6,No,High Support,Yes,No,Yes,No,3.107135594,B
1349,7.096914469,11,No,High Support,No,No,No,No,1.386464562,F
1350,12.25368689,4,No,Moderate Support,No,No,No,No,2.833760072,C
1351,11.70750846,17,No,No Support,No,No,Yes,No,1.086151397,F
1352,10.95232201,3,No,Very High Support,No,No,No,No,2.87403736,C
1353,12.80966586,1,No,Moderate Support,No,Yes,No,No,2.895671305,C
1354,5.188983421,2,Yes,High Support,No,No,No,No,3.181307602,B
1355,1.692975072,25,No,High Support,No,No,No,No,0.471283109,F
1356,2.385433441,11,Yes,Moderate Support,No,No,No,No,2.211379528,D
1357,4.491647653,2,Yes,High Support,Yes,Yes,No,No,3.375252255,B
1358,10.00395871,3,No,Very High Support,No,Yes,No,No,3.203858191,B
1359,16.80885501,5,No,Moderate Support,No,No,Yes,No,3.350179111,B
1360,14.02586684,11,No,Moderate Support,No,No,No,No,1.72579153,F
1361,15.78081208,18,No,Very High Support,Yes,No,No,No,2.216603815,D
1362,7.019512479,9,No,Low Support,Yes,No,No,Yes,2.004627317,D
1363,8.093074833,29,Yes,No Support,No,No,No,No,0.715742046,F
1364,7.87363772,0,Yes,Very High Support,No,No,Yes,No,3.880640085,A
1365,3.837463688,16,No,High Support,Yes,No,Yes,No,1.689528158,F
1366,1.224333163,15,No,Very High Support,Yes,Yes,No,Yes,1.757978804,F
1367,11.81832186,8,No,No Support,No,No,No,No,2.136399546,D
1368,19.78433367,24,Yes,Low Support,No,Yes,No,No,0.911568271,F
1369,3.336594099,20,Yes,Low Support,No,No,No,No,1.13780111,F
1370,0.933696398,8,Yes,High Support,Yes,No,No,Yes,2.349264927,D
1371,15.59063364,26,No,High Support,No,No,No,No,0.623747437,F
1372,5.051720134,22,No,Moderate Support,No,No,Yes,No,0.341029446,F
1373,16.59287611,8,No,No Support,No,No,No,No,2.223813667,D
1374,14.07873334,11,No,High Support,No,No,No,Yes,2.328240385,D
1375,18.91347074,22,Yes,Moderate Support,Yes,No,No,No,1.623077822,F
1376,8.178544715,8,Yes,Low Support,Yes,No,No,No,2.200896322,D
1377,13.23939679,14,No,Very High Support,No,Yes,No,No,2.584110655,C
1378,9.297095616,1,No,Low Support,Yes,No,No,No,2.996503304,C
1379,12.61177395,10,No,High Support,No,No,Yes,No,2.373993481,D
1380,8.99197812,10,Yes,High Support,Yes,No,No,No,2.830404456,C
1381,3.772644928,7,No,Moderate Support,Yes,Yes,No,Yes,2.525115534,C
1382,10.15794832,22,No,Low Support,Yes,No,No,No,1.042981651,F
1383,10.57168403,5,No,Moderate Support,Yes,No,No,Yes,2.661096904,C
1384,16.21207697,20,No,High Support,No,No,No,No,1.599593888,F
1385,14.71041412,19,Yes,Low Support,Yes,No,No,No,1.799409149,F
1386,13.27583248,6,No,High Support,No,No,No,No,2.657638557,C
1387,2.267741911,2,No,Very High Support,No,No,No,No,2.998484062,C
1388,14.41232581,7,No,Very High Support,No,No,Yes,No,2.977408433,C
1389,10.00610313,17,No,Moderate Support,No,No,No,No,1.375164137,F
1390,17.88199072,16,No,High Support,Yes,No,No,Yes,1.84886644,F
1391,18.39741868,10,No,Very High Support,No,No,No,No,2.4424562,D
1392,1.103131812,1,No,Moderate Support,Yes,No,No,No,2.856038514,C
1393,16.41283121,24,Yes,Low Support,Yes,No,No,No,1.20615023,F
1394,0.753947808,20,No,Low Support,Yes,Yes,No,No,0.89590299,F
1395,7.343392514,26,No,Low Support,No,No,No,No,0.273190929,F
1396,10.84599951,23,No,High Support,No,No,Yes,No,0.667508961,F
1397,2.962015973,18,No,Moderate Support,No,No,No,No,1.089440604,F
1398,14.92627625,6,No,High Support,No,No,No,No,2.813211008,C
1399,0.167094083,17,Yes,High Support,Yes,No,No,Yes,1.86875859,F
1400,3.371980969,7,No,High Support,Yes,Yes,No,No,3.035693596,B
1401,11.6159366,13,No,High Support,No,No,No,Yes,2.135356801,D
1402,14.28775124,6,No,No Support,Yes,No,Yes,No,3.038116129,B
1403,18.33286205,27,No,High Support,No,Yes,No,No,0.99412941,F
1404,14.10993304,20,No,Moderate Support,No,No,No,No,1.232557166,F
1405,13.43558541,27,No,Moderate Support,No,Yes,No,No,0.864403743,F
1406,7.886822927,26,No,No Support,No,No,No,No,0.115231855,F
1407,0.025688511,3,No,Very High Support,Yes,No,No,No,2.934586305,C
1408,2.403185175,16,No,Very High Support,Yes,No,No,No,2.046938817,D
1409,10.6910909,4,No,Moderate Support,Yes,No,No,No,3.065473134,B
1410,13.50259772,11,No,Moderate Support,No,Yes,No,No,2.4370263,D
1411,8.348965678,8,No,High Support,No,Yes,No,No,2.427614636,D
1412,14.61358023,25,No,Low Support,No,No,No,No,0.777150955,F
1413,10.43724591,19,Yes,Low Support,Yes,Yes,Yes,No,1.879575445,F
1414,1.483523912,12,No,High Support,No,No,No,No,1.596574874,F
1415,3.840325019,24,No,Low Support,No,Yes,No,No,0.704595243,F
1416,16.79996446,27,No,Moderate Support,Yes,Yes,No,No,0.764186697,F
1417,14.49825493,17,Yes,Moderate Support,Yes,No,No,No,1.503416679,F
1418,17.89523974,19,Yes,Moderate Support,Yes,No,No,No,1.525837862,F
1419,2.351144982,8,No,Low Support,Yes,Yes,No,No,2.270841108,D
1420,19.80445069,3,No,Moderate Support,No,No,No,No,3.402352539,B
1421,4.188134279,20,Yes,Moderate Support,No,Yes,No,No,1.438204968,F
1422,0.235597526,26,No,Moderate Support,No,No,Yes,No,0.336571299,F
1423,19.94845878,7,No,High Support,No,No,No,No,3.112281137,B
1424,5.621477709,0,Yes,Very High Support,No,No,Yes,No,3.770694722,A
1425,13.36038905,16,No,Low Support,No,No,No,No,1.655613323,F
1426,3.533646284,24,No,High Support,Yes,No,No,Yes,1.050469692,F
1427,11.60457064,8,Yes,Low Support,No,No,Yes,No,2.535391284,C
1428,18.08069973,19,No,Moderate Support,No,No,No,Yes,1.396090494,F
1429,6.403623349,12,No,Moderate Support,Yes,Yes,No,No,2.025416982,D
1430,13.40507952,1,No,Moderate Support,No,No,No,No,3.268302548,B
1431,3.758071776,12,No,High Support,Yes,Yes,No,No,2.017218039,D
1432,12.49590797,8,No,Moderate Support,Yes,No,No,No,2.397682579,D
1433,6.729007036,29,No,Moderate Support,Yes,No,No,No,0.287867323,F
1434,4.224165172,19,No,High Support,No,Yes,Yes,No,1.548710211,F
1435,6.263641014,5,Yes,Low Support,Yes,No,No,No,2.905242112,C
1436,3.57682137,27,No,Low Support,No,Yes,No,No,0.248977131,F
1437,18.03832216,0,Yes,No Support,Yes,No,No,No,3.418409867,B
1438,7.943737726,27,Yes,Low Support,No,No,No,No,0.582920886,F
1439,4.905586099,24,No,Moderate Support,No,Yes,No,No,0.930028646,F
1440,8.96815682,4,No,Moderate Support,Yes,No,Yes,No,2.679085718,C
1441,6.410723336,2,Yes,Low Support,No,No,No,Yes,3.106230425,B
1442,14.88838508,3,No,No Support,Yes,No,No,Yes,2.781287884,C
1443,19.42439824,0,No,High Support,No,Yes,Yes,Yes,4,A
1444,8.760673134,13,No,High Support,Yes,Yes,Yes,No,2.332783964,D
1445,17.220668,8,Yes,Very High Support,Yes,No,No,No,3.06771837,B
1446,11.31726147,29,No,Very High Support,No,Yes,No,No,0.869123386,F
1447,3.144713302,23,No,Very High Support,No,Yes,No,Yes,1.520503877,F
1448,13.81245484,3,No,High Support,Yes,Yes,Yes,Yes,3.289823142,B
1449,10.26868994,17,Yes,High Support,Yes,No,No,No,2.175739293,D
1450,13.01213047,13,No,Low Support,No,No,No,No,1.852428691,F
1451,17.79374825,24,No,High Support,Yes,Yes,No,Yes,1.47728877,F
1452,8.808691413,3,No,No Support,No,No,No,No,2.878926863,C
1453,18.02355246,24,No,High Support,No,Yes,Yes,No,1.058050772,F
1454,15.01338029,9,No,Moderate Support,No,No,No,Yes,2.57289042,C
1455,9.77209852,2,No,High Support,Yes,No,Yes,No,3.587735587,A
1456,12.06444271,22,No,No Support,Yes,Yes,No,Yes,1.301418014,F
1457,6.51162265,6,Yes,Moderate Support,No,Yes,Yes,No,3.209493136,B
1458,19.67194599,9,No,Moderate Support,No,No,No,No,2.537230639,C
1459,13.34702326,12,No,Low Support,Yes,No,No,No,1.989395759,F
1460,0.87693705,3,Yes,Moderate Support,No,Yes,Yes,No,3.004233303,B
1461,6.532438115,17,No,No Support,Yes,Yes,No,No,1.513516756,F
1462,12.46628868,10,No,Moderate Support,No,No,No,Yes,2.172740552,D
1463,1.126665556,24,Yes,Moderate Support,No,No,No,Yes,0.641649169,F
1464,0.477683826,3,No,High Support,No,Yes,No,No,2.753590232,C
1465,9.000484791,23,No,Moderate Support,Yes,No,Yes,No,1.038488352,F
1466,6.653803594,13,No,Moderate Support,Yes,Yes,No,No,2.255019103,D
1467,8.765972161,17,No,Very High Support,No,No,No,No,1.666702258,F
1468,5.253866198,7,No,Moderate Support,No,No,No,No,2.49945943,D
1469,3.294354939,26,Yes,Moderate Support,No,No,No,No,0.278215459,F
1470,13.78286714,9,No,Moderate Support,Yes,No,No,No,2.637594228,C
1471,10.29142233,4,No,High Support,Yes,Yes,No,Yes,3.057121728,B
1472,4.003084225,22,No,Moderate Support,Yes,Yes,No,No,1.361932827,F
1473,6.391788525,6,Yes,Moderate Support,Yes,No,Yes,No,3.238931718,B
1474,11.83615815,11,Yes,High Support,Yes,Yes,No,No,2.573034385,C
1475,1.444586965,24,No,No Support,No,No,No,No,0,F
1476,2.949060185,2,Yes,High Support,No,Yes,No,Yes,3.143909878,B
1477,1.464912082,25,Yes,Moderate Support,Yes,No,No,No,1.0464634,F
1478,16.24634665,3,No,Moderate Support,No,No,No,Yes,2.868574228,C
1479,15.04818466,9,No,High Support,No,No,No,No,2.639447292,C
1480,15.06625864,3,No,Low Support,No,No,No,No,2.669749933,C
1481,14.32650687,14,Yes,High Support,No,Yes,Yes,No,2.794885283,C
1482,13.38770847,28,Yes,Very High Support,No,No,No,Yes,1.186569729,F
1483,9.53983831,9,No,Moderate Support,No,No,No,No,2.520175259,C
1484,12.84556327,20,No,Very High Support,No,No,Yes,No,1.601078488,F
1485,0.767231096,29,No,No Support,No,No,No,No,0,F
1486,12.42928845,21,Yes,High Support,No,No,Yes,No,1.595054759,F
1487,15.55755411,15,Yes,Moderate Support,Yes,No,No,No,2.222002853,D
1488,10.00716721,14,No,Moderate Support,No,No,No,Yes,1.615093148,F
1489,7.150266569,18,No,Low Support,Yes,Yes,No,Yes,1.675919431,F
1490,5.548534696,28,No,Moderate Support,Yes,No,No,No,0.214319504,F
1491,12.856041,19,Yes,Low Support,Yes,No,No,No,1.556765557,F
1492,13.85602397,18,No,Very High Support,Yes,Yes,No,No,2.154199353,D
1493,17.419352,17,No,High Support,No,Yes,No,No,2.070669312,D
1494,6.846681649,25,Yes,Low Support,No,Yes,No,No,0.567237107,F
1495,15.39544615,11,No,Low Support,Yes,No,No,No,2.162688108,D
1496,11.22711648,24,Yes,High Support,No,No,Yes,No,1.291230426,F
1497,17.65672981,15,No,Moderate Support,No,Yes,Yes,No,2.340156389,D
1498,10.55624217,0,No,Low Support,No,No,No,No,2.92396974,C
1499,10.35259657,15,Yes,Moderate Support,Yes,No,Yes,No,2.190146602,D
1500,11.55754163,1,No,Moderate Support,No,No,No,No,3.074214192,B
1501,14.9863071,23,No,Low Support,No,No,No,No,1.009430322,F
1502,19.29380958,14,No,High Support,Yes,Yes,No,No,2.118500602,D
1503,1.471267084,6,No,High Support,Yes,No,No,No,2.615347948,C
1504,1.068692048,27,No,No Support,No,Yes,Yes,No,0.415930507,F
1505,18.75100675,0,Yes,Very High Support,Yes,No,No,No,3.947092964,A
1506,10.59751251,4,Yes,Moderate Support,No,Yes,No,No,3.017353227,B
1507,12.29806029,9,Yes,Low Support,Yes,No,No,No,2.813786291,C
1508,9.64847203,21,No,Low Support,No,No,No,No,0.769636121,F
1509,1.873149052,20,Yes,Low Support,No,No,No,No,0.892266135,F
1510,15.36178757,3,Yes,Moderate Support,Yes,Yes,No,No,3.666290827,A
1511,14.9444929,13,No,Low Support,No,Yes,No,No,1.401548239,F
1512,6.23406643,12,No,Moderate Support,No,No,No,Yes,1.423338336,F
1513,6.124784905,0,No,Low Support,Yes,No,No,Yes,3.149644744,B
1514,16.75682762,15,Yes,High Support,No,Yes,No,Yes,2.353731152,D
1515,1.447145155,22,No,High Support,Yes,Yes,No,No,1.161354351,F
1516,17.62210297,8,Yes,Moderate Support,No,No,No,No,2.647195986,C
1517,5.133233798,21,No,High Support,No,Yes,Yes,No,1.298997985,F
1518,11.85969496,15,Yes,Very High Support,Yes,No,No,No,2.644197368,C
1519,18.71988358,18,No,High Support,No,No,No,No,1.737989619,F
1520,13.56245003,14,No,Moderate Support,No,No,No,No,2.018776899,D
1521,8.288596249,25,No,Moderate Support,No,Yes,No,No,0.717780498,F
1522,13.79068418,13,No,High Support,Yes,No,No,No,2.267584401,D
1523,6.879592726,19,Yes,Low Support,No,No,No,No,1.271494623,F
1524,5.545168327,9,Yes,Moderate Support,No,Yes,No,No,2.621666893,C
1525,19.93366556,20,No,Moderate Support,No,No,No,No,1.228528505,F
1526,15.01580462,11,No,High Support,No,Yes,No,Yes,2.495312361,D
1527,12.89439955,27,No,High Support,No,Yes,No,No,0.701761808,F
1528,7.105792864,0,No,Moderate Support,Yes,Yes,Yes,No,3.864976861,A
1529,0.983216583,20,No,Low Support,Yes,No,Yes,No,0.684651926,F
1530,0.621137521,16,Yes,Very High Support,No,No,No,No,1.885850224,F
1531,11.08362511,8,Yes,No Support,No,Yes,No,No,2.327832763,D
1532,15.24065442,22,No,No Support,Yes,No,Yes,No,0.880232812,F
1533,10.74758381,18,No,Moderate Support,No,No,Yes,No,1.411981507,F
1534,16.81570144,24,No,High Support,No,Yes,Yes,Yes,1.66253183,F
1535,0.668530662,17,No,High Support,Yes,No,No,No,1.341598477,F
1536,7.335041529,27,No,Very High Support,Yes,Yes,No,No,0.659202916,F
1537,4.741407823,6,No,Low Support,No,No,Yes,No,2.153371206,D
1538,8.945459363,8,No,Moderate Support,No,No,Yes,No,2.44310292,D
1539,1.447527864,21,No,Low Support,No,No,No,No,0.270088555,F
1540,19.08263283,25,No,High Support,No,No,Yes,No,1.316724623,F
1541,4.465108021,20,No,Moderate Support,Yes,No,No,No,0.817714202,F
1542,18.44615551,11,No,No Support,No,Yes,No,No,2.05694597,D
1543,8.517863101,6,Yes,High Support,Yes,No,No,No,3.219333348,B
1544,19.71048267,13,Yes,Moderate Support,No,No,No,No,2.24087006,D
1545,11.08116767,14,Yes,Moderate Support,No,Yes,No,No,1.913799797,F
1546,18.61665728,14,No,High Support,No,No,Yes,No,2.240334376,D
1547,0.106979774,5,No,Low Support,Yes,No,No,No,2.254547586,D
1548,14.96477612,20,No,Low Support,Yes,Yes,Yes,No,1.89130043,F
1549,18.06101306,13,No,Low Support,No,No,Yes,No,2.206226341,D
1550,2.79441134,1,Yes,Moderate Support,No,Yes,No,No,3.335098155,B
1551,1.922517035,7,No,Low Support,Yes,Yes,No,No,2.411986461,D
1552,8.491452144,12,No,High Support,No,Yes,No,No,2.160978519,D
1553,18.67357812,22,No,Low Support,No,Yes,No,No,1.165394363,F
1554,10.8477312,5,No,Very High Support,No,No,No,No,2.583500636,C
1555,10.54912927,4,Yes,Low Support,No,Yes,No,No,3.017063256,B
1556,2.822522366,4,No,Low Support,Yes,Yes,No,Yes,2.576174697,C
1557,0.015790222,24,No,Low Support,No,No,No,No,0.23334988,F
1558,16.20280181,0,No,High Support,Yes,No,No,No,3.646516389,A
1559,1.75149126,8,Yes,Moderate Support,Yes,Yes,No,No,2.605425232,C
1560,12.67699637,5,No,High Support,Yes,No,Yes,No,3.366929515,B
1561,18.29232909,19,No,High Support,No,Yes,No,No,1.583780258,F
1562,4.173038263,25,No,Very High Support,No,No,Yes,No,0.776396706,F
1563,13.30545672,29,Yes,High Support,No,No,Yes,No,0.78348664,F
1564,1.573971534,6,No,No Support,No,No,Yes,No,2.328311711,D
1565,12.07510288,8,No,High Support,Yes,No,No,No,2.718465436,C
1566,3.278634419,4,Yes,Very High Support,Yes,No,No,No,3.244882203,B
1567,14.71907121,13,Yes,Very High Support,Yes,No,No,No,2.865674749,C
1568,6.024625896,4,No,Low Support,No,No,No,No,2.326326756,D
1569,9.267820176,7,Yes,High Support,No,Yes,Yes,No,3.303066679,B
1570,11.98861084,6,No,Low Support,No,No,No,No,2.489218238,D
1571,3.425468213,12,Yes,Low Support,Yes,Yes,Yes,No,2.600264187,C
1572,14.83275637,12,No,High Support,No,No,No,No,2.119171492,D
1573,6.052806813,7,No,Very High Support,No,No,No,No,2.522694548,C
1574,13.2474372,10,Yes,Moderate Support,No,No,No,No,2.47585411,D
1575,3.165661014,27,Yes,High Support,Yes,No,No,No,0.782809234,F
1576,13.76235318,25,No,No Support,Yes,No,No,No,0.766404869,F
1577,2.563761456,17,Yes,No Support,Yes,No,No,No,1.283622078,F
1578,8.507129925,24,No,Moderate Support,Yes,No,No,No,0.643145933,F
1579,4.944121475,18,Yes,Moderate Support,No,No,No,No,1.669230217,F
1580,14.96750499,5,No,High Support,No,No,No,No,3.282070051,B
1581,5.24070009,21,No,Moderate Support,No,Yes,No,No,0.743714017,F
1582,17.63434613,1,No,Moderate Support,No,No,No,Yes,3.325066843,B
1583,17.83640423,27,No,Moderate Support,Yes,Yes,No,Yes,1.184519764,F
1584,3.928826304,12,No,Low Support,No,No,No,No,1.616536099,F
1585,12.2769189,22,No,Very High Support,No,No,No,No,1.583083971,F
1586,1.754352834,24,No,Moderate Support,No,No,No,No,0.184251489,F
1587,7.830741992,27,Yes,Moderate Support,No,No,No,No,0.472181042,F
1588,14.26643459,25,No,High Support,Yes,Yes,No,No,1.299355518,F
1589,13.18846494,10,No,Moderate Support,No,No,No,Yes,2.379628283,D
1590,12.49401339,0,No,High Support,No,No,No,No,3.56628313,A
1591,5.650817273,23,No,Low Support,No,No,No,No,0.278347571,F
1592,7.560498989,1,No,Low Support,No,No,No,No,2.421546883,D
1593,2.058922894,29,No,Very High Support,No,Yes,No,Yes,0.617680424,F
1594,14.38045641,16,No,High Support,No,No,No,No,1.804726658,F
1595,10.07777594,7,No,Moderate Support,Yes,No,No,No,2.63520813,C
1596,14.17531265,1,No,High Support,No,No,No,Yes,3.436025389,B
1597,4.978870496,5,No,Very High Support,No,No,Yes,Yes,2.737377926,C
1598,6.488764573,21,Yes,Low Support,Yes,No,No,Yes,1.14669608,F
1599,6.684306745,4,No,No Support,No,No,No,No,2.405267526,D
1600,0.514848195,15,Yes,Moderate Support,No,No,Yes,No,1.525282049,F
1601,6.820957457,7,No,Low Support,Yes,Yes,No,No,2.446157081,D
1602,16.06609147,18,Yes,Low Support,Yes,No,Yes,No,1.952953012,F
1603,17.94596991,15,No,High Support,Yes,No,No,No,2.293087191,D
1604,10.36436631,12,No,No Support,No,No,Yes,No,1.471672029,F
1605,9.110033904,25,Yes,High Support,No,No,No,Yes,1.106713498,F
1606,0.616492374,19,No,Moderate Support,No,Yes,No,Yes,1.205856976,F
1607,17.58408675,6,No,Moderate Support,No,No,No,No,2.559070355,C
1608,0.260204269,15,No,High Support,Yes,Yes,Yes,No,2.457651022,D
1609,18.8950016,22,Yes,Moderate Support,No,No,No,No,1.226741286,F
1610,9.78432497,15,No,Low Support,No,No,No,Yes,1.590433098,F
1611,6.838689871,28,No,Low Support,Yes,No,No,No,0.310669533,F
1612,18.4843687,11,Yes,High Support,Yes,No,No,No,2.771810659,C
1613,0.487819862,13,No,Low Support,Yes,No,No,No,1.582682992,F
1614,11.6284979,23,Yes,No Support,Yes,No,No,Yes,1.105587098,F
1615,10.97865049,17,No,Very High Support,No,No,No,No,2.300296135,D
1616,4.386408024,26,Yes,Very High Support,Yes,Yes,No,No,0.991883698,F
1617,8.577748627,27,No,Moderate Support,No,Yes,Yes,Yes,0.165110622,F
1618,13.04528012,17,No,No Support,No,No,No,No,0.989329921,F
1619,14.54262394,15,No,High Support,Yes,No,Yes,No,2.230253521,D
1620,0.014337174,19,No,High Support,Yes,No,No,No,1.383528078,F
1621,18.7370686,15,No,Low Support,Yes,Yes,No,No,2.131405263,D
1622,3.290507448,12,No,Low Support,Yes,No,Yes,No,1.868276923,F
1623,4.671608684,25,No,High Support,Yes,No,Yes,No,1.247481944,F
1624,5.269468914,28,No,Very High Support,No,No,No,No,0.299907548,F
1625,0.756402731,8,No,High Support,Yes,No,No,Yes,2.705195695,C
1626,2.461042472,25,No,Low Support,Yes,Yes,Yes,No,0.897938092,F
1627,19.72699846,27,No,Moderate Support,Yes,Yes,No,No,1.391731791,F
1628,6.304334748,8,No,High Support,No,No,No,No,2.150546166,D
1629,2.306021807,12,No,Low Support,No,No,No,No,1.448741242,F
1630,2.139825223,28,No,Low Support,Yes,No,Yes,No,0,F
1631,14.38919935,3,Yes,Low Support,No,No,No,No,3.091715028,B
1632,17.09137328,8,No,Moderate Support,No,No,No,No,2.576927695,C
1633,5.13904599,14,No,Moderate Support,No,No,No,No,1.955872527,F
1634,0.418190247,13,No,High Support,No,Yes,No,No,1.878708344,F
1635,4.461800369,18,Yes,High Support,Yes,Yes,No,No,1.630400132,F
1636,1.130313816,11,No,Very High Support,No,No,Yes,No,2.37274811,D
1637,2.067898733,20,Yes,High Support,Yes,No,No,No,1.279370611,F
1638,8.630162397,25,No,Low Support,No,No,No,Yes,0.155004788,F
1639,4.598367417,24,Yes,Moderate Support,No,Yes,Yes,Yes,1.278347034,F
1640,10.31891757,5,No,Moderate Support,No,Yes,No,No,2.655993566,C
1641,5.069875065,2,No,No Support,Yes,No,Yes,No,2.682316053,C
1642,18.81074602,25,No,Very High Support,No,Yes,No,No,1.644819939,F
1643,18.11887936,24,Yes,No Support,Yes,Yes,No,No,1.396278438,F
1644,11.3361221,21,Yes,Moderate Support,Yes,No,No,No,1.609486799,F
1645,7.08847984,19,No,Moderate Support,Yes,No,Yes,No,1.187367525,F
1646,7.622937641,15,No,Moderate Support,Yes,No,Yes,No,2.019797023,D
1647,8.237045663,29,No,High Support,No,No,No,Yes,0.241625628,F
1648,14.55158644,19,No,Moderate Support,No,No,No,No,1.247725194,F
1649,9.03277991,23,No,Low Support,No,No,Yes,No,0.852682363,F
1650,17.13459893,22,No,Low Support,No,No,No,No,0.965700989,F
1651,18.88189572,16,Yes,Very High Support,Yes,Yes,No,No,2.423800752,D
1652,6.718923068,15,No,Low Support,Yes,No,No,No,1.741968167,F
1653,11.21388963,5,No,Low Support,No,No,Yes,No,2.845925776,C
1654,1.901130737,7,No,Moderate Support,No,No,No,No,2.039564398,D
1655,4.009380955,18,Yes,Low Support,Yes,No,No,No,1.54206374,F
1656,8.269315334,29,Yes,Moderate Support,No,No,Yes,No,0.730779602,F
1657,4.124054318,24,No,High Support,Yes,No,No,No,0.499987778,F
1658,17.53120982,25,Yes,High Support,No,No,No,No,1.122889381,F
1659,3.165725121,1,Yes,High Support,No,Yes,No,No,2.959492728,C
1660,9.113216431,13,No,Low Support,Yes,Yes,Yes,No,2.30020524,D
1661,12.11398481,21,No,Moderate Support,No,Yes,No,No,1.352720764,F
1662,13.83727816,11,Yes,No Support,Yes,No,No,No,2.134062038,D
1663,7.661387395,16,No,No Support,Yes,No,No,Yes,1.29979432,F
1664,17.38198137,27,No,Moderate Support,Yes,No,No,No,0.747833944,F
1665,11.36638302,26,No,Low Support,Yes,Yes,Yes,No,0.532923204,F
1666,8.790155609,14,No,High Support,No,No,No,No,2.07376979,D
1667,1.344812681,17,Yes,High Support,Yes,Yes,No,No,1.991379364,F
1668,9.293789369,15,No,High Support,Yes,No,No,Yes,1.8999596,F
1669,16.41471682,12,No,High Support,Yes,Yes,No,No,2.614883942,C
1670,12.29082036,20,Yes,No Support,Yes,Yes,Yes,No,1.810270744,F
1671,16.64324907,16,No,Moderate Support,Yes,No,No,No,1.581931481,F
1672,9.88023341,7,No,Low Support,No,Yes,No,No,2.271332803,D
1673,2.369234102,0,Yes,Moderate Support,Yes,No,No,No,3.363670491,B
1674,0.272796917,28,No,Low Support,Yes,Yes,No,No,0.48129848,F
1675,6.064390934,24,No,No Support,Yes,Yes,No,No,0.199927379,F
1676,13.95980943,25,No,Moderate Support,No,Yes,Yes,Yes,1.268008751,F
1677,15.80519808,26,No,High Support,Yes,No,No,No,0.882552454,F
1678,5.915056692,2,Yes,High Support,No,No,No,No,3.120136639,B
1679,9.91307842,15,No,Moderate Support,No,Yes,No,Yes,1.804154692,F
1680,8.422378089,27,No,Moderate Support,Yes,Yes,Yes,No,0.681703644,F
1681,8.210455687,1,No,Moderate Support,Yes,No,No,Yes,2.898261817,C
1682,4.626974264,14,No,High Support,No,No,No,Yes,1.730318003,F
1683,2.727422101,0,Yes,No Support,Yes,No,Yes,No,3.560791672,A
1684,3.933771165,8,Yes,High Support,No,Yes,No,No,2.528774574,C
1685,1.106647743,15,Yes,Moderate Support,No,Yes,No,No,1.592387858,F
1686,3.962614836,3,No,Low Support,No,No,Yes,Yes,2.374130972,D
1687,0.184017953,11,Yes,No Support,Yes,No,No,No,1.81040948,F
1688,12.54516801,0,No,Low Support,No,No,No,No,2.829826431,C
1689,6.327508148,0,Yes,Moderate Support,No,No,No,Yes,3.047602089,B
1690,19.46289423,6,Yes,High Support,Yes,Yes,No,No,3.62592173,A
1691,3.874341016,17,No,Moderate Support,No,No,No,Yes,0.927321545,F
1692,6.916571406,22,No,Moderate Support,Yes,No,No,No,1.331958949,F
1693,7.156823173,27,No,Very High Support,Yes,Yes,No,Yes,0.779551722,F
1694,0.169029921,22,No,Low Support,Yes,No,No,No,0.881358447,F
1695,16.78415906,14,Yes,Low Support,No,No,No,No,2.398121086,D
1696,0.639889203,25,No,Moderate Support,No,Yes,No,No,0.758814269,F
1697,18.80359669,29,No,High Support,Yes,No,No,No,1.028865596,F
1698,17.84148702,24,No,High Support,No,Yes,No,No,1.444476695,F
1699,10.71043832,12,Yes,Moderate Support,No,No,No,No,2.214067459,D
1700,10.8719115,15,No,Very High Support,No,Yes,Yes,No,2.511918088,C
1701,13.07555846,6,No,High Support,No,No,No,No,2.690149803,C
1702,7.741000239,15,No,No Support,Yes,No,No,No,1.605274386,F
1703,12.94444567,12,No,High Support,Yes,No,Yes,Yes,2.709889487,C
1704,0.895367774,13,No,No Support,No,Yes,No,No,1.528563501,F
1705,1.080952547,16,Yes,High Support,No,Yes,No,No,1.778569202,F
1706,9.144608392,11,No,Low Support,Yes,No,No,No,2.121964059,D
1707,10.99244602,28,No,High Support,No,No,No,No,0.405904831,F
1708,17.75635281,23,No,Moderate Support,Yes,No,No,No,1.123926328,F
1709,2.093212678,23,No,High Support,No,No,No,No,0.870330411,F
1710,16.45295854,19,No,Moderate Support,Yes,Yes,No,No,1.822829208,F
1711,4.200946746,12,No,High Support,Yes,No,No,No,2.231182932,D
1712,7.88167297,23,No,Low Support,No,Yes,Yes,No,0.966967717,F
1713,6.332048697,19,No,Very High Support,No,Yes,No,No,1.691858946,F
1714,8.003105457,14,No,High Support,No,No,No,No,2.069758206,D
1715,3.009909961,23,Yes,Low Support,Yes,Yes,No,No,1.057876127,F
1716,10.07140149,20,No,Very High Support,No,No,No,No,1.321427207,F
1717,16.0328518,3,Yes,Moderate Support,Yes,No,No,Yes,3.516940721,A
1718,8.830680208,21,Yes,High Support,No,Yes,No,Yes,1.049157002,F
1719,9.81227152,1,No,High Support,Yes,No,No,No,3.486141329,B
1720,16.97535171,27,Yes,No Support,Yes,No,No,Yes,0.586837405,F
1721,14.12116229,17,No,Very High Support,No,Yes,No,No,2.358815897,D
1722,9.80908817,1,No,Moderate Support,No,No,No,No,3.152222286,B
1723,5.153912964,24,No,Low Support,No,No,No,No,0.587835083,F
1724,17.69853494,14,No,High Support,Yes,Yes,No,Yes,2.668893329,C
1725,11.54040803,29,No,High Support,No,No,No,No,0.304372034,F
1726,4.422952202,25,No,No Support,No,Yes,No,No,0.280670308,F
1727,5.382395053,18,No,Low Support,Yes,No,No,No,0.873091197,F
1728,16.06266178,14,No,High Support,No,No,No,No,2.330783483,D
1729,0.882911242,25,No,No Support,Yes,Yes,Yes,No,0.318850909,F
1730,19.84184374,19,No,Very High Support,No,No,No,No,1.792289321,F
1731,2.607033594,9,No,High Support,No,Yes,No,No,2.573219137,C
1732,15.92137051,27,No,Moderate Support,No,Yes,No,No,1.084490126,F
1733,7.895506335,23,No,Moderate Support,Yes,Yes,No,Yes,1.08669668,F
1734,9.84432367,19,No,Moderate Support,No,No,Yes,Yes,1.004112663,F
1735,17.61301155,10,Yes,Moderate Support,Yes,No,No,No,2.824604893,C
1736,8.258223792,25,Yes,High Support,No,Yes,Yes,Yes,1.364373782,F
1737,10.74987507,9,No,Very High Support,No,No,No,Yes,2.607286401,C
1738,0.985993248,28,Yes,Moderate Support,Yes,No,Yes,No,0.568468084,F
1739,0.046949477,22,No,Moderate Support,No,No,No,Yes,0.573796193,F
1740,4.89599746,4,No,Low Support,No,No,No,No,2.258071035,D
1741,13.61166186,8,Yes,High Support,No,No,No,No,2.840092975,C
1742,2.425297867,19,No,High Support,Yes,Yes,No,No,1.683117263,F
1743,2.275239176,18,Yes,High Support,Yes,No,No,No,1.72090715,F
1744,8.219212161,12,No,No Support,No,No,No,No,1.537783909,F
1745,12.95674077,17,No,High Support,No,Yes,No,No,2.063463508,D
1746,14.24143984,16,No,Moderate Support,Yes,No,No,No,1.87854751,F
1747,3.569013482,26,No,High Support,Yes,Yes,No,Yes,0.863270859,F
1748,1.591762947,5,No,High Support,No,No,No,No,2.513286133,C
1749,18.80794068,9,No,High Support,Yes,Yes,No,Yes,2.77216327,C
1750,5.213327651,1,Yes,Moderate Support,No,No,No,No,2.888385936,C
1751,17.06692995,23,No,High Support,No,Yes,No,No,1.337161049,F
1752,17.26982901,5,No,No Support,No,No,No,No,2.370611615,D
1753,15.45045184,27,No,High Support,No,No,Yes,No,0.854464648,F
1754,3.376672133,27,Yes,No Support,No,No,No,No,0.322641827,F
1755,16.43602919,20,No,Moderate Support,Yes,Yes,No,No,1.834226997,F
1756,15.38501118,12,No,Low Support,No,No,No,No,1.990060452,F
1757,11.9344598,17,Yes,High Support,No,Yes,No,No,2.226983394,D
1758,6.744040703,6,No,Moderate Support,No,No,No,Yes,2.608386898,C
1759,5.250172085,1,No,High Support,Yes,No,No,No,3.406339082,B
1760,2.437784242,28,Yes,High Support,Yes,No,No,No,0.867034374,F
1761,10.19514134,13,Yes,High Support,No,Yes,No,No,2.166091325,D
1762,11.70521751,4,No,Low Support,No,Yes,No,No,2.422928333,D
1763,7.18677981,17,No,High Support,No,Yes,No,No,1.509557878,F
1764,9.50718135,10,Yes,Moderate Support,No,Yes,No,No,2.443857264,D
1765,7.270289147,9,No,No Support,No,No,No,No,2.003828379,D
1766,12.82012115,10,Yes,Low Support,No,Yes,No,No,2.465306489,D
1767,18.02518416,26,No,Low Support,Yes,No,Yes,No,0.844792002,F
1768,3.278405241,1,No,No Support,No,Yes,No,No,2.731058898,C
1769,7.628176198,14,No,Moderate Support,No,No,No,No,1.736011489,F
1770,2.817372079,6,Yes,No Support,No,Yes,No,No,2.589670731,C
1771,12.49887541,8,Yes,Moderate Support,Yes,No,No,No,2.742361123,C
1772,14.57741019,4,No,Low Support,No,No,No,No,2.49591944,D
1773,18.63825465,6,Yes,Low Support,No,No,Yes,No,2.853437194,C
1774,5.577438525,19,No,Very High Support,Yes,No,No,No,1.591347992,F
1775,19.00422412,1,No,Moderate Support,No,No,Yes,No,3.209673328,B
1776,1.265253436,2,Yes,Low Support,No,Yes,No,No,3.127617865,B
1777,12.06027727,1,Yes,Moderate Support,No,Yes,Yes,Yes,3.453275897,B
1778,1.142654387,20,Yes,Low Support,Yes,No,No,No,0.822773567,F
1779,17.87548376,21,Yes,No Support,No,No,No,No,1.217335228,F
1780,10.59618114,22,No,No Support,Yes,No,No,No,0.762684311,F
1781,13.38696702,18,No,Very High Support,No,Yes,Yes,No,2.145848671,D
1782,16.63147852,3,Yes,High Support,No,No,No,No,3.299131002,B
1783,3.00621245,23,No,High Support,Yes,No,Yes,No,1.170812285,F
1784,0.771831239,19,No,Very High Support,No,No,No,Yes,1.424595653,F
1785,17.57762292,6,No,Very High Support,No,No,No,No,2.902659367,C
1786,6.298664549,27,No,High Support,No,No,Yes,No,0.691477419,F
1787,2.579578159,21,Yes,High Support,Yes,No,Yes,Yes,1.8865425,F
1788,9.369224742,6,No,Moderate Support,No,No,No,Yes,2.635341351,C
1789,11.96612151,16,Yes,Low Support,No,No,No,No,1.500339419,F
1790,0.619412068,18,No,Moderate Support,No,No,Yes,No,1.235553816,F
1791,5.497913165,21,No,Moderate Support,No,No,No,No,0.604613406,F
1792,0.655997486,15,No,Very High Support,No,No,No,No,1.388138976,F
1793,8.406707784,2,No,Moderate Support,No,No,Yes,No,3.300552206,B
1794,17.90200058,14,No,High Support,No,No,No,Yes,2.168641593,D
1795,19.65304823,13,No,Moderate Support,Yes,Yes,No,No,2.79726748,C
1796,12.74095107,14,No,Low Support,No,No,No,No,1.717458615,F
1797,3.232753876,13,No,Moderate Support,No,Yes,No,No,1.687900492,F
1798,18.1169878,6,No,Moderate Support,Yes,No,No,No,2.952145863,C
1799,10.32495646,24,No,Moderate Support,Yes,No,No,No,0.963375009,F
1800,3.074986242,2,No,Moderate Support,Yes,No,No,No,3.334971828,B
1801,18.43453339,29,No,Low Support,No,No,No,No,0.443640655,F
1802,15.14938101,16,Yes,Moderate Support,Yes,No,No,No,1.955791739,F
1803,14.63410545,9,No,High Support,Yes,Yes,No,No,2.850351339,C
1804,14.18361408,14,Yes,Moderate Support,No,Yes,No,No,2.370067422,D
1805,4.006796422,28,Yes,Moderate Support,No,No,No,No,0.152590779,F
1806,4.220133834,5,No,No Support,No,No,No,No,2.123043127,D
1807,13.76585997,27,Yes,Low Support,Yes,No,Yes,Yes,0.922013232,F
1808,4.394455002,16,No,Moderate Support,No,No,No,Yes,1.428993238,F
1809,8.773433936,16,Yes,Moderate Support,No,Yes,No,No,1.893440916,F
1810,15.64003651,13,Yes,Moderate Support,No,No,No,No,1.939584666,F
1811,15.67905036,23,No,High Support,Yes,Yes,No,No,1.511276997,F
1812,9.065235451,24,No,Low Support,No,No,Yes,No,0.825604174,F
1813,15.84379877,17,No,No Support,Yes,No,No,No,1.764354309,F
1814,16.77243592,24,No,Moderate Support,Yes,No,No,No,1.2955949,F
1815,13.09551503,4,No,Moderate Support,No,No,No,No,2.473717178,D
1816,4.568517046,28,No,Moderate Support,No,No,Yes,No,0.019798485,F
1817,5.480235608,7,No,High Support,No,No,No,No,2.202958506,D
1818,6.296823108,6,No,High Support,Yes,No,No,No,3.040025436,B
1819,2.336082155,22,Yes,Low Support,Yes,No,No,No,1.069079987,F
1820,5.463192407,3,Yes,Very High Support,Yes,No,No,No,3.941760022,A
1821,4.190384486,17,No,Low Support,No,No,Yes,No,1.482595973,F
1822,9.106574996,4,No,High Support,No,Yes,No,No,3.042275369,B
1823,18.16875096,15,No,High Support,No,Yes,No,No,2.10396651,D
1824,2.089606335,13,No,High Support,No,No,No,No,1.787522329,F
1825,14.40535848,26,Yes,Low Support,Yes,No,No,Yes,1.100381883,F
1826,13.74566009,26,No,Moderate Support,No,No,No,No,0.854558289,F
1827,1.915083973,18,No,Moderate Support,No,Yes,No,Yes,1.199651388,F
1828,18.4514481,13,Yes,Low Support,No,No,No,No,2.591940919,C
1829,11.36944404,8,Yes,No Support,No,No,No,Yes,2.282212745,D
1830,7.274510423,5,No,Moderate Support,No,No,No,No,2.754877493,C
1831,15.13077167,16,No,Moderate Support,No,Yes,No,No,1.921268647,F
1832,5.147309168,18,No,High Support,Yes,No,Yes,No,1.583556496,F
1833,13.87019674,11,No,Low Support,No,No,Yes,No,1.723385686,F
1834,0.794224151,3,Yes,High Support,Yes,No,No,No,2.876055005,C
1835,16.78816075,15,No,Low Support,No,No,No,No,1.88899193,F
1836,8.96341694,24,No,High Support,Yes,Yes,No,No,1.369369967,F
1837,12.73385829,10,Yes,Moderate Support,No,No,No,No,2.550546234,C
1838,4.424756396,21,Yes,Moderate Support,Yes,Yes,Yes,Yes,1.943573341,F
1839,13.54147425,3,Yes,High Support,Yes,No,No,Yes,3.310401269,B
1840,15.44480552,16,No,Low Support,No,No,No,No,1.418938675,F
1841,9.464263738,7,No,Low Support,No,Yes,No,No,2.353054655,D
1842,12.35453848,13,No,Moderate Support,No,No,Yes,No,1.752886206,F
1843,9.126518476,26,No,Low Support,Yes,No,Yes,No,0.513962989,F
1844,17.88182739,1,No,Moderate Support,No,No,No,No,3.021954868,B
1845,9.95738361,10,No,Low Support,No,Yes,No,Yes,1.834749448,F
1846,16.83617418,10,No,High Support,No,No,No,No,2.275700147,D
1847,16.02704117,23,Yes,High Support,Yes,Yes,No,Yes,1.767646785,F
1848,8.210096427,21,No,No Support,Yes,No,Yes,No,1.353723074,F
1849,4.601689837,23,Yes,High Support,No,Yes,No,No,1.034201169,F
1850,8.121642651,5,No,Moderate Support,No,No,No,No,2.758341831,C
1851,16.52434752,20,Yes,Moderate Support,Yes,No,No,No,1.789966874,F
1852,4.552650716,20,No,Moderate Support,Yes,No,No,No,1.223973607,F
1853,10.48872692,13,Yes,High Support,No,Yes,No,Yes,2.443619105,D
1854,16.12193496,29,No,Moderate Support,No,Yes,Yes,No,0.362957003,F
1855,7.069549503,9,No,High Support,Yes,No,No,No,2.251753922,D
1856,12.84419274,25,Yes,Low Support,No,No,No,No,0.900041692,F
1857,4.912631481,26,No,Very High Support,No,No,No,No,0.656616923,F
1858,2.185588907,7,No,High Support,Yes,No,No,No,2.186426951,D
1859,15.8876845,6,Yes,Low Support,No,No,Yes,Yes,2.883136266,C
1860,1.979372468,7,Yes,High Support,Yes,No,No,No,2.877853698,C
1861,5.427627902,27,No,Moderate Support,No,No,No,No,0.01206349,F
1862,17.10218844,7,No,Low Support,Yes,No,No,No,2.583738163,C
1863,6.929385742,22,No,Low Support,No,Yes,No,No,1.161554531,F
1864,19.46090699,1,No,No Support,Yes,No,No,No,3.301690513,B
1865,19.5946867,26,Yes,High Support,No,No,No,No,1.505172773,F
1866,5.365520409,15,No,Moderate Support,No,No,No,No,1.385696221,F
1867,0.819564445,8,No,Moderate Support,No,No,No,Yes,2.240923949,D
1868,14.10126568,12,Yes,Low Support,Yes,No,No,No,2.116723382,D
1869,9.019730053,22,No,Moderate Support,No,No,No,Yes,1.036656834,F
1870,2.015056879,11,No,Moderate Support,No,No,No,No,1.617460207,F
1871,14.15045638,26,No,High Support,No,No,No,No,0.865945542,F
1872,0.623498182,21,No,Very High Support,No,Yes,No,No,1.320245987,F
1873,17.40393381,24,No,Moderate Support,Yes,No,No,Yes,1.259764683,F
1874,2.773050582,28,No,Moderate Support,Yes,No,No,No,0.081573184,F
1875,2.546237575,16,No,Moderate Support,No,Yes,Yes,No,1.689673085,F
1876,3.513445959,26,No,High Support,No,No,No,Yes,0.46042165,F
1877,19.20532717,1,No,Low Support,Yes,No,No,No,3.577043897,A
1878,13.86338721,12,No,Moderate Support,Yes,No,No,No,2.087872127,D
1879,16.02743071,0,No,High Support,Yes,No,No,No,3.369584362,B
1880,7.952699715,25,No,No Support,No,No,No,No,0,F
1881,6.72625455,27,No,Low Support,No,No,No,No,0.094651592,F
1882,4.689680136,18,No,High Support,No,Yes,No,No,1.405315628,F
1883,9.61296057,10,No,Low Support,No,No,No,No,1.87826418,F
1884,11.03657467,4,No,Moderate Support,Yes,No,No,No,2.87190477,C
1885,12.63549687,0,Yes,Moderate Support,No,No,No,No,3.70794804,A
1886,5.14237008,19,No,Moderate Support,No,No,Yes,No,1.174868091,F
1887,18.97308162,29,Yes,Low Support,Yes,No,No,No,0.995449642,F
1888,3.395169964,12,Yes,Very High Support,No,Yes,No,No,2.528711257,C
1889,19.3130635,7,No,No Support,Yes,Yes,No,No,2.59683449,C
1890,0.29712245,5,No,High Support,No,No,No,No,2.460606774,D
1891,9.62251384,28,Yes,No Support,No,No,No,No,0.547780724,F
1892,6.667356762,16,No,Moderate Support,No,Yes,No,No,1.803054427,F
1893,8.982468279,11,Yes,Low Support,No,No,No,No,2.309975848,D
1894,11.41329158,0,No,Low Support,No,No,No,No,3.093363943,B
1895,8.71178316,2,No,Low Support,No,No,No,No,2.615900724,C
1896,8.296937006,13,No,Moderate Support,No,Yes,No,No,2.276918318,D
1897,14.65446831,25,No,Moderate Support,Yes,No,No,No,1.051531526,F
1898,13.7175255,7,No,Low Support,No,Yes,No,No,2.747706159,C
1899,16.66542564,10,No,Very High Support,No,No,No,No,2.621670104,C
1900,4.999179625,26,Yes,Low Support,No,No,No,No,0.243298094,F
1901,12.1905702,13,Yes,Moderate Support,No,No,No,No,2.194706521,D
1902,11.70389571,7,No,Low Support,No,No,No,Yes,2.639906488,C
1903,7.394756217,28,Yes,Moderate Support,No,Yes,No,No,0.833493418,F
1904,9.72115084,2,Yes,High Support,No,No,No,No,3.402401591,B
1905,6.275642866,6,Yes,Moderate Support,No,No,Yes,No,2.616291695,C
1906,2.836887952,27,No,Low Support,No,No,No,No,0.339715385,F
1907,4.276024213,18,Yes,Low Support,Yes,No,No,Yes,1.69772878,F
1908,2.110272928,3,No,High Support,No,No,No,No,2.356856807,D
1909,13.6613915,24,No,Low Support,No,No,No,No,0.84562484,F
1910,13.21454786,15,Yes,Moderate Support,Yes,No,Yes,No,2.246545273,D
1911,19.01212743,12,No,Low Support,Yes,Yes,No,No,2.478699183,D
1912,14.59356827,19,No,Low Support,Yes,No,Yes,Yes,1.374288283,F
1913,1.040916775,18,Yes,Low Support,No,Yes,No,No,1.355381045,F
1914,17.68490348,4,No,High Support,Yes,No,No,No,3.06049075,B
1915,17.25350326,22,Yes,High Support,Yes,No,No,No,1.556957122,F
1916,8.866406415,4,Yes,Moderate Support,Yes,No,No,No,3.219531248,B
1917,11.71726101,19,No,Low Support,No,Yes,No,No,1.150153548,F
1918,19.52156665,23,No,Moderate Support,No,No,Yes,Yes,1.321429302,F
1919,10.64608728,3,Yes,Moderate Support,Yes,Yes,No,No,3.491326588,B
1920,18.10643657,1,No,Moderate Support,No,No,Yes,Yes,3.869586724,A
1921,1.660775156,25,Yes,No Support,No,No,No,Yes,0.170463613,F
1922,3.821037374,12,Yes,Very High Support,No,No,No,No,2.19738729,D
1923,8.815098869,29,No,Moderate Support,No,No,No,No,0.021155583,F
1924,11.69513617,15,No,Very High Support,No,No,Yes,No,2.386799507,D
1925,16.32455704,21,Yes,No Support,No,Yes,No,No,1.361031288,F
1926,19.7652423,1,No,Low Support,Yes,Yes,No,No,3.51068089,A
1927,7.777029929,18,No,Low Support,No,Yes,No,No,1.43737075,F
1928,0.948312723,16,Yes,High Support,No,Yes,Yes,No,1.804417459,F
1929,16.02343007,4,Yes,Moderate Support,Yes,Yes,No,No,3.262269864,B
1930,12.08761438,24,No,High Support,No,Yes,No,No,1.169658238,F
1931,3.970857177,17,No,High Support,No,No,No,No,1.401550934,F
1932,9.89656913,27,No,High Support,No,No,Yes,No,0.549601825,F
1933,14.84620491,22,Yes,High Support,No,No,No,No,1.516508268,F
1934,15.40823574,20,Yes,High Support,No,No,No,No,2.032219512,D
1935,9.99236824,17,Yes,High Support,Yes,Yes,No,No,2.289299775,D
1936,6.104290603,7,No,Moderate Support,Yes,No,No,No,2.086687741,D
1937,19.47485164,26,Yes,High Support,Yes,No,No,Yes,1.66766699,F
1938,13.26725222,14,Yes,High Support,No,No,No,No,2.595889051,C
1939,8.164750387,12,No,Moderate Support,No,No,No,No,1.950769177,F
1940,5.609264484,12,No,Very High Support,No,No,No,No,2.102541899,D
1941,14.62205966,15,Yes,No Support,No,No,No,No,1.3791672,F
1942,4.843668912,21,No,Moderate Support,No,No,No,No,0.67219968,F
1943,3.434199779,19,No,Low Support,Yes,No,Yes,No,1.141638567,F
1944,10.59667778,12,No,Low Support,No,No,No,Yes,1.621012115,F
1945,5.799747853,19,No,High Support,No,No,No,Yes,1.122110973,F
1946,12.5781029,1,No,Very High Support,No,No,No,No,3.402044108,B
1947,2.358773497,2,No,High Support,No,No,No,No,2.683854739,C
1948,13.09882209,14,Yes,Very High Support,Yes,No,Yes,No,2.996856279,C
1949,5.66593056,22,Yes,Low Support,Yes,Yes,No,No,1.284865711,F
1950,0.004858689,18,Yes,Low Support,No,No,No,No,1.201053303,F
1951,2.538721153,12,No,Moderate Support,No,Yes,No,No,1.978021718,F
1952,18.67230756,4,Yes,High Support,Yes,Yes,No,Yes,3.83669864,A
1953,17.34709278,25,Yes,No Support,Yes,Yes,No,No,1.179903407,F
1954,4.672180641,21,No,Very High Support,Yes,No,No,No,1.54005946,F
1955,15.56743809,5,No,High Support,No,No,No,Yes,3.158858262,B
1956,12.17143186,13,No,Very High Support,No,No,No,Yes,1.752496836,F
1957,19.41809423,3,Yes,Moderate Support,No,No,No,No,3.045113482,B
1958,7.472113191,21,No,Moderate Support,No,Yes,Yes,No,1.165603946,F
1959,13.62921225,18,Yes,High Support,Yes,No,No,No,1.785760791,F
1960,1.270714448,22,No,High Support,No,Yes,No,No,0.841108717,F
1961,7.924946936,6,No,Low Support,No,Yes,No,No,2.397182558,D
1962,19.27635322,3,Yes,Very High Support,No,No,No,No,3.576909015,A
1963,10.77961749,1,No,High Support,Yes,No,Yes,No,3.225158275,B
1964,5.757590067,26,No,No Support,No,No,No,No,0,F
1965,2.405419263,6,Yes,Low Support,No,No,Yes,No,2.806697764,C
1966,14.0705668,2,Yes,Moderate Support,Yes,No,No,No,3.42183767,B
1967,12.89712087,14,No,Moderate Support,No,Yes,No,Yes,2.105309279,D
1968,7.478774272,0,No,High Support,No,No,No,No,3.160902091,B
1969,19.01882704,1,No,No Support,No,No,No,No,2.99354156,C
1970,0.44405626,9,Yes,High Support,Yes,No,No,No,2.490220426,D
1971,6.074477033,15,No,High Support,Yes,No,Yes,No,2.13083278,D
1972,18.42138973,24,No,Low Support,Yes,No,No,Yes,0.838464873,F
1973,6.418708766,27,No,Moderate Support,Yes,No,Yes,No,0.676771033,F
1974,5.045056677,14,Yes,Low Support,Yes,No,No,No,1.735956512,F
1975,10.6844082,23,Yes,Low Support,Yes,No,No,No,1.254572618,F
1976,16.476035,14,Yes,Moderate Support,No,No,No,No,1.922688235,F
1977,2.062935218,13,No,Very High Support,Yes,No,No,No,2.19199842,D
1978,18.86041419,21,Yes,Low Support,No,Yes,Yes,No,1.757523486,F
1979,15.90145762,13,No,Moderate Support,Yes,No,No,No,1.92410232,F
1980,3.625005111,5,No,Low Support,Yes,No,No,No,2.80797413,C
1981,14.24015922,13,Yes,Low Support,No,No,No,No,2.138772677,D
1982,7.699174453,16,No,Moderate Support,No,No,Yes,No,1.363841047,F
1983,8.045893562,17,No,High Support,No,Yes,No,No,1.722726052,F
1984,15.66580185,19,Yes,No Support,No,Yes,No,No,1.192108472,F
1985,19.25569616,18,No,Very High Support,No,No,No,No,1.53478239,F
1986,2.533117457,29,No,No Support,No,Yes,No,No,0.115243211,F
1987,8.412604738,16,No,High Support,No,Yes,No,No,1.562359564,F
1988,9.61883216,15,No,High Support,Yes,No,No,No,2.096032625,D
1989,7.526236339,7,Yes,Moderate Support,No,Yes,No,No,3.009238323,B
1990,7.263782474,6,No,Low Support,No,No,No,No,2.071108065,D
1991,1.045373351,19,Yes,Moderate Support,No,No,Yes,No,1.747356452,F
1992,13.71077241,27,No,High Support,Yes,Yes,No,No,1.079867369,F
1993,8.724288342,11,No,High Support,No,No,Yes,No,2.271400211,D
1994,3.895876053,8,No,Moderate Support,No,Yes,No,No,2.117233031,D
1995,16.32067005,26,Yes,Moderate Support,No,No,No,No,0.743592358,F
1996,16.05121496,13,No,High Support,No,Yes,No,No,1.892745845,F
1997,9.72783256,19,Yes,Very High Support,No,No,No,No,1.586464189,F
1998,5.969013223,0,No,High Support,No,No,Yes,No,3.512322895,A
1999,12.76185452,9,Yes,High Support,No,No,Yes,No,2.629211521,C
2000,5.763042716,16,Yes,Moderate Support,Yes,Yes,No,No,1.8366428,F
